Mission_Name,Agency/Company,Target,Type,Expected_Date
Artemis II,NASA,Moon,Crewed Lunar Flyby,February 2026
MMX (Martian Moons eXploration),JAXA,Phobos (Mars),Sample Return,Late 2026
Chang'e 7,CNSA,Moon (South Pole),Lander/Rover,Second Half 2026
Blue Ghost Mission 2,Firefly Aerospace,Moon,Lander,Late 2026
Venus Life Finder,Rocket Lab / MIT,Venus,Atmospheric Probe,Summer 2026
BepiColombo Arrival,ESA/JAXA,Mercury,Orbiter,December 2026
Hera Arrival,ESA,Didymos Asteroid,Orbiter,Late 2026
Haven-1,Vast Space / SpaceX,Earth Orbit,Private Space Station,Early 2026
Starliner-1,Boeing / NASA,ISS,Crew Rotation,Early 2026
Blue Moon Pathfinder,Blue Origin,Moon,Lander,Mid 2026
